,"全部事件 (类型+操作+标签)","事件总数","唯一访客事件数","事件价值","平均价值",
,"总计","364007","209056","0","0",
1,"首页+展示+-","118994","64128","0","0",
2,"奖品展示页+展示+-","46460","22424","0","0",
3,"奖品展示页+一发入魂+点击","23457","16479","0","0",
4,"首页+100元租号玩红包 平台账号任你选奖池+-","19943","16327","0","0",
5,"确认订单页+确认提交+点击","17462","10227","0","0",
6,"战利品库+展示+-","14687","2619","0","0",
7,"奖品展示页+奖品详情+主页大图查看","6891","2653","0","0",
8,"幸运商店+展示+-","6524","3269","0","0",
9,"首页+【限时开启】王者荣耀虎年限定皮肤等你拿奖池+-","6325","5597","0","0",
10,"抽奖结果+展示+-","6294","1031","0","0",
11,"奖品展示页+三发连抽+点击","5149","3671","0","0",
12,"首页+品类标签+手办潮玩","4529","3674","0","0",
13,"首页+品类标签+科技数码","4335","3286","0","0",
14,"抽奖结果+再来一发+-","4212","784","0","0",
15,"奖品展示页+奖品详情+全部商品小图查看","3790","912","0","0",
16,"奖品展示页+全部商品+点击","3706","2178","0","0",
17,"商品发货页+展示+-","3672","887","0","0",
18,"支付订单+一发入魂+成功支付","3497","1001","0","0",
19,"首页+【限时开启】和平精英风花雪月皮肤等你拿奖池+-","2771","2557","0","0",
20,"战利品库+已发货+-","2640","1631","0","0",
21,"首页+品类标签+周边好物","2609","2167","0","0",
22,"充值页+展示+-","2211","1896","0","0",
23,"战利品库+我要发货+点击","2202","885","0","0",
24,"奖品展示页+租号玩3元无门槛红包+切换商品小图","2193","1775","0","0",
25,"首页+500元巨额优惠券 限时货架任你上奖池+-","2188","1986","0","0",
26,"首页+品类标签+号玩优选","2050","1723","0","0",
27,"抽奖结果+不喜欢回收+-","2017","512","0","0",
28,"奖品展示页+幸运水晶  不可发货仅用于回收 幸运值满后大幅提升获得稀有概率+切换商品小图","1985","1579","0","0",
29,"奖品展示页+租号玩5元无门槛红包+切换商品小图","1735","1247","0","0",
30,"战利品库+可回收+-","1678","726","0","0",
31,"奖品展示页+租号玩20元无门槛红包+切换商品小图","1629","1148","0","0",
32,"商品发货页+虚拟商品+立即发货","1558","695","0","0",
33,"首页+iPhone 13 Pro 还是13香！奖池+-","1474","1278","0","0",
34,"奖品展示页+租号玩100元无门槛红包+切换商品小图","1422","1074","0","0",
35,"首页+【限时开启】王者荣耀 世冠系列皮肤奖池+-","1193","1117","0","0",
36,"战利品库+已回收+-","1134","813","0","0",
37,"战利品库+不喜欢回收+点击","1033","552","0","0",
38,"商品回收页+展示+-","1032","551","0","0",
39,"首页+活动规则+-","1008","895","0","0",
40,"战利品库+确认回收+-","932","480","0","0",
41,"奖品展示页+王者荣耀 战令进阶卡+切换商品小图","873","738","0","0",
42,"奖品展示页+【虎年限定】瑞焰 鲁班七号 王者荣耀皮肤+切换商品小图","864","718","0","0",
43,"首页+【人气必选】王者荣耀 圣斗士星矢系列皮肤奖池+-","846","766","0","0",
44,"奖品展示页+【虎年限定】展翼 孙膑 王者荣耀皮肤+切换商品小图","827","645","0","0",
45,"奖品展示页+【虎年限定】心曲 杨玉环 王者荣耀皮肤+切换商品小图","796","619","0","0",
46,"战利品库+虚拟商品+提交订单","795","524","0","0",
47,"支付订单+三发连抽+成功支付","794","279","0","0",
48,"奖品展示页+【虎年限定】御盾 廉颇 王者荣耀皮肤+切换商品小图","766","648","0","0",
49,"战利品库+确认回收弹窗+确认回收","743","397","0","0",
50,"首页+雷蛇灵刃游戏本 电竞玩家必备装备奖池+-","665","574","0","0",
51,"奖品展示页+幸运值+点击","621","438","0","0",
52,"奖品展示页+SS17精英手册豪华版（抽中后需添加好友3天后发货）+切换商品小图","594","485","0","0",
53,"奖品展示页+和平精英 吟月归客 （抽中后需添加好友3天后发货）+切换商品小图","568","476","0","0",
54,"首页+春野樱 100%细节还原 全员疯抢奖池+-","475","422","0","0",
55,"奖品展示页+【虎年限定】赤拳 裴擒虎 王者荣耀皮肤+切换商品小图","473","378","0","0",
56,"抽奖结果+前往战利品库+-","425","311","0","0",
57,"奖品展示页+和平精英 俏雪寒霜 （抽中后需添加好友3天后发货）+切换商品小图","424","364","0","0",
58,"首页+iPad Air 超强芯片平板超越电脑奖池+-","415","345","0","0",
59,"首页+AJ1迪奥联名款+蒂芙尼联名款 爆款奖池+-","375","294","0","0",
60,"奖品展示页+和平精英 花影阑珊 （抽中后需添加好友3天后发货）+切换商品小图","362","314","0","0",
61,"奖品展示页+30.1元减30元限时货架满减券+切换商品小图","353","272","0","0",
62,"奖品展示页+斯泰克吃鸡神器 物理外挂把把吃鸡+切换商品小图","348","305","0","0",
63,"奖品展示页+华为 P50 PRO+ 8+256G 安卓机皇+切换商品小图","318","256","0","0",
64,"奖品展示页+小米 11 Ultra 12+256G 安卓超大杯+切换商品小图","308","259","0","0",
65,"首页+卡西欧35周年限定小金块明星同款潮人必备奖池+-","307","242","0","0",
66,"首页+索尼PS5 市面断货在这里可以拥有奖池+-","295","248","0","0",
67,"幸运商店+拉克+点击","288","264","0","0",
68,"奖品展示页+小米18W 快充充电器 充满只需2小时+切换商品小图","263","241","0","0",
69,"奖品展示页+ZMI紫米Type-C快充数据线 1米+切换商品小图","235","212","0","0",
70,"奖品展示页+手机折叠懒人折纸支架 轻薄时尚经典大方+切换商品小图","218","196","0","0",
71,"交易明细+展示+-","213","183","0","0",
72,"奖品展示页+红米智能手表 轻巧方屏心率追踪都能行+切换商品小图","212","188","0","0",
73,"奖品展示页+罗马仕Pure05移动电源 5000毫安时+切换商品小图","199","172","0","0",
74,"奖品展示页+黑鲨游戏手柄3-左手 吃鸡核武器，走位藏“鲨气”+切换商品小图","197","157","0","0",
75,"奖品展示页+【限时开启】女儿国王 甄姬 王者荣耀皮肤+切换商品小图","196","179","0","0",
76,"奖品展示页+【限时开启】傲雪梅枪 韩信 王者荣耀皮肤+切换商品小图","193","160","0","0",
77,"首页+兰博基尼 年度最火 年轻人的第一辆跑车奖池+-","192","158","0","0",
78,"奖品展示页+和平精英 沙场疾风 （抽中后需添加好友3天后发货）+切换商品小图","191","147","0","0",
79,"奖品展示页+飞利浦笔记本铝合金支架+切换商品小图","182","165","0","0",
80,"奖品展示页+iPhone 13Pro Max  256G+切换商品小图","181","140","0","0",
81,"奖品展示页+DTX金士顿64G U盘 高速读取+切换商品小图","162","134","0","0",
82,"奖品展示页+漫步者  LolliPods 真无线蓝牙耳机+切换商品小图","162","138","0","0",
83,"奖品展示页+50.1元减50元限时货架满减券+切换商品小图","160","127","0","0",
84,"奖品展示页+【世冠系列】一念神魔 李信 王者荣耀皮肤+切换商品小图","160","138","0","0",
85,"幸运商店+充值+19元套餐","156","91","0","0",
86,"奖品展示页+小米手环6NFC版 智能血氧能检测+切换商品小图","151","138","0","0",
87,"奖品展示页+黑鲨冰封散热背夹2Pro 1秒降温静音运行+切换商品小图","149","139","0","0",
88,"首页+四皇凯多 巨物雕像细节满分吊打一切奖池+-","146","121","0","0",
89,"奖品展示页+幸运水晶 不可发货仅用于回收 幸运值满后大幅提升获得稀有概率+切换商品小图","142","124","0","0",
90,"奖品展示页+200.1元减200元限时货架满减券+切换商品小图","138","114","0","0",
91,"奖品展示页+惠普 DHS-2111 音响+切换商品小图","137","119","0","0",
92,"奖品展示页+【世冠系列】淬星耀世 赵云 王者荣耀皮肤+切换商品小图","134","111","0","0",
93,"奖品展示页+外星人m15R6 15.6英寸 i7 RTX3050Ti 游戏本+切换商品小图","134","109","0","0",
94,"首页+炼狱杏寿郎GSC手办 限定预售永远的炎柱奖池+-","126","99","0","0",
95,"奖品展示页+罗技电竞桌垫超大号  X RNG联名+切换商品小图","124","107","0","0",
96,"奖品展示页+小米小爱音箱音响Play增强版+切换商品小图","123","111","0","0",
97,"首页+小米9号卡丁车 出街爆款 秒变平衡车奖池+-","123","108","0","0",
98,"首页+索尼黑卡相机 千万像素 全网疯抢手慢则无奖池+-","122","101","0","0",
99,"奖品展示页+索尼 MDR-EX155AP 入耳式耳机 黑色+切换商品小图","113","104","0","0",
100,"奖品展示页+小米AX3000路由器 满血WIFI6怎么畅快怎么玩儿+切换商品小图","111","93","0","0",
101,"奖品展示页+500.1元减500元限时货架满减券+切换商品小图","103","82","0","0",
102,"奖品展示页+苹果 10.9 英寸 iPad Air 256G 天蓝色+切换商品小图","98","65","0","0",
103,"奖品展示页+雷柏VH100S电竞背光游戏耳机+切换商品小图","98","88","0","0",
104,"奖品展示页+雷神有线游戏机械键盘 RGB就是战斗力+切换商品小图","94","87","0","0",
105,"奖品展示页+罗技G502 英雄联盟K/DA女团定制版有线鼠标+切换商品小图","94","79","0","0",
106,"奖品展示页+ikbc曜石无线机械键盘 无线2.4G TTC轴+切换商品小图","89","79","0","0",
107,"奖品展示页+晚萤 娜可露露 王者荣耀皮肤+切换商品小图","88","77","0","0",
108,"幸运商店+明细+使用","86","67","0","0",
109,"奖品展示页+雷蛇灵刃 15.6英寸 i7 RTX3060 笔记本电脑+切换商品小图","84","69","0","0",
110,"奖品展示页+修罗 橘右京 王者荣耀皮肤+切换商品小图","82","62","0","0",
111,"奖品展示页+华为HUAWEI MatePad Pro 10.8英寸 安卓平板+切换商品小图","80","68","0","0",
112,"奖品展示页+魅语 不知火舞 王者荣耀皮肤+切换商品小图","78","69","0","0",
113,"奖品展示页+倍思屏幕挂灯  无眩光更护眼+切换商品小图","76","73","0","0",
114,"幸运商店+明细+退款","75","63","0","0",
115,"奖品展示页+雷蛇 巴塞利斯蛇X极速版 无线游戏鼠标+切换商品小图","74","67","0","0",
116,"奖品展示页+秋冬新款 欧美双色潮袜 X羊驼+切换商品小图","69","67","0","0",
117,"奖品展示页+【世冠系列】云裳雀翎 虞姬 王者荣耀皮肤+切换商品小图","68","62","0","0",
118,"奖品展示页+iPad 10.2英寸 带笔槽保护套+切换商品小图","67","52","0","0",
119,"奖品展示页+【圣斗士星矢系列】黄金白羊座 张良 王者荣耀皮肤+切换商品小图","66","55","0","0",
120,"奖品展示页+【圣斗士星矢系列】黄金射手座 后羿 王者荣耀皮肤+切换商品小图","64","51","0","0",
121,"奖品展示页+Air Jordan 11黑白康扣高帮篮球鞋 小鬼同款+切换商品小图","63","53","0","0",
122,"商品发货页+实物商品+立即发货","63","47","0","0",
123,"奖品展示页+北通蝙蝠BD4E有线游戏手柄+切换商品小图","61","55","0","0",
124,"奖品展示页+猫猫摇杆帽 提升你的Switch颜值+切换商品小图","59","54","0","0",
125,"奖品展示页+珊瑚绒小熊毛巾伴手礼盒 咖色+切换商品小图","58","52","0","0",
126,"奖品展示页+手机平板支架 追剧神器+切换商品小图","58","57","0","0",
127,"奖品展示页+精灵球摇杆帽 经典红蓝 从不过时+切换商品小图","51","46","0","0",
128,"奖品展示页+纽曼 2.1A手机快充头+切换商品小图","50","47","0","0",
129,"奖品展示页+Air Jordan 1 蒂芙尼绿麂皮男子篮球鞋+切换商品小图","50","45","0","0",
130,"奖品展示页+火影忍者 羁绊宿命合 GK雕像手办+切换商品小图","48","45","0","0",
131,"奖品展示页+寿屋 宇智波佐助 忍界大战Ver. 手办+切换商品小图","48","42","0","0",
132,"奖品展示页+秋冬新款 欧美双色潮袜 X太空+切换商品小图","48","40","0","0",
133,"奖品展示页+【预售】寿屋 火影忍者 春野樱 Ver.3 手办+切换商品小图","47","30","0","0",
134,"奖品展示页+任天堂 Switch 日版 经典红蓝 长续航+切换商品小图","46","40","0","0",
135,"奖品展示页+纽曼 2.1A手机快充头快速充电不伤机+切换商品小图","46","41","0","0",
136,"奖品展示页+【预售】寿屋 宇智波鼬 须佐能乎Ver. 手办+切换商品小图","44","40","0","0",
137,"幸运商店+充值+确认支付","44","38","0","0",
138,"奖品展示页+火影忍者 鸣人 钥匙链+切换商品小图","44","43","0","0",
139,"奖品展示页+微软 Xbox Series X  西瓜皮下世代之神+切换商品小图","43","37","0","0",
140,"奖品展示页+罗技K380无线蓝牙键盘+切换商品小图","43","38","0","0",
141,"奖品展示页+绿联 Type-C扩展坞 以一抵五秒变生产力+切换商品小图","43","37","0","0",
142,"奖品展示页+纽曼NM-LK06 全兼容线控耳机+切换商品小图","41","39","0","0",
143,"奖品展示页+火影忍者 佐助 徽章+切换商品小图","39","36","0","0",
144,"奖品展示页+火影忍者 宇智波鼬 钥匙链+切换商品小图","39","37","0","0",
145,"奖品展示页+Switch健身环收纳包 健身随时都行+切换商品小图","39","35","0","0",
146,"奖品展示页+0.3米紫米typec数据线 耐磨编制线+切换商品小图","38","33","0","0",
147,"奖品展示页+秋冬新款 欧美双色潮袜 X书架+切换商品小图","38","34","0","0",
148,"奖品展示页+火影忍者 鸣人 徽章+切换商品小图","36","33","0","0",
149,"幸运商店+交易明细+我要退款","35","28","0","0",
150,"奖品展示页+眼镜厂 火影忍者 宇智波佐助 景品手办+切换商品小图","35","33","0","0",
151,"幸运商店+充值支付成功+去抽奖","33","31","0","0",
152,"奖品展示页+李宁 蒂芙尼蓝比赛篮球 吸湿防滑+切换商品小图","33","32","0","0",
153,"奖品展示页+Air Jordan 1 迪奥老花帆布提花高帮篮球鞋+切换商品小图","32","27","0","0",
154,"奖品展示页+珊瑚绒小熊毛巾伴手礼盒 米色+切换商品小图","32","31","0","0",
155,"奖品展示页+小米小爱同学触屏音箱 好听更好看+切换商品小图","32","25","0","0",
156,"奖品展示页+马里奥Switch包  把你的游戏世界打包带走+切换商品小图","31","28","0","0",
157,"奖品展示页+雷柏 V600S 智能无线手柄+切换商品小图","31","29","0","0",
158,"奖品展示页+MLB 洋基队运动鸭舌帽+切换商品小图","31","27","0","0",
159,"奖品展示页+USK 智能颈椎按摩器 护颈神器+切换商品小图","30","23","0","0",
160,"奖品展示页+【预售】眼镜厂 火影忍者 漩涡鸣人九尾查克拉模式 景品手办+切换商品小图","30","27","0","0",
161,"奖品展示页+闪迪128GB TF（MicroSD）存储卡+切换商品小图","30","26","0","0",
162,"奖品展示页+索尼头戴式有线耳机 MDR-ZX110AP+切换商品小图","30","28","0","0",
163,"奖品展示页+【圣斗士星矢系列】黄金狮子座 达摩 王者荣耀皮肤+切换商品小图","29","27","0","0",
164,"奖品展示页+微软Surface Pro 8 二合一 平板电脑+切换商品小图","28","24","0","0",
165,"奖品展示页+闪迪 32GB Type-C USB3.1 手机U盘+切换商品小图","28","28","0","0",
166,"奖品展示页+YOUMAKER iPad电容手写笔+切换商品小图","27","27","0","0",
167,"奖品展示页+珊瑚绒小熊毛巾伴手礼盒 紫色+切换商品小图","27","26","0","0",
168,"奖品展示页+火影忍者 卡卡西 钥匙链+切换商品小图","27","27","0","0",
169,"奖品展示页+小米小爱同学mini蓝牙音响+切换商品小图","27","26","0","0",
170,"战利品库+实物商品+提交订单","27","21","0","0",
171,"奖品展示页+秋冬新款潮袜X黑底圣诞恐龙+切换商品小图","26","24","0","0",
172,"幸运商店+交易明细+确认退款","25","24","0","0",
173,"奖品展示页+卡西欧小金块gmwb5000 【35周年限量】+切换商品小图","25","19","0","0",
174,"奖品展示页+眼镜厂  火影漩涡鸣人 景品手办+切换商品小图","25","25","0","0",
175,"幸运商店+交易明细+退款成功","25","24","0","0",
176,"奖品展示页+秋冬新款潮袜X灰底圣诞雪娃娃+切换商品小图","24","21","0","0",
177,"奖品展示页+火影忍者 鸣人 黏土人 （螺旋丸）+切换商品小图","24","24","0","0",
178,"奖品展示页+得力中性笔 X 火影忍者联名*3+切换商品小图","24","22","0","0",
179,"奖品展示页+索尼 PS5  国行光驱版 高清家用游戏机+切换商品小图","24","18","0","0",
180,"奖品展示页+Fever 发烧 复古港风X可乐罐插画+切换商品小图","23","22","0","0",
181,"奖品展示页+鬼灭之人 猪猪伊之助 小人仔玩具+切换商品小图","23","20","0","0",
182,"奖品展示页+国潮 港风潮流醒狮T恤+切换商品小图","22","20","0","0",
183,"奖品展示页+寿屋 鬼灭之刃 虫柱蝴蝶忍 手办+切换商品小图","21","17","0","0",
184,"奖品展示页+眼镜厂 博人螺旋丸 景品手办+切换商品小图","21","21","0","0",
185,"奖品展示页+丛林老虎 潮牌嘻哈涂鸦反战T恤+切换商品小图","21","19","0","0",
186,"奖品展示页+火影忍者 卡卡西 亚克力双面立牌+切换商品小图","20","18","0","0",
187,"奖品展示页+high rain 2022虎年本命年T恤+切换商品小图","20","16","0","0",
188,"奖品展示页+可爱发财财运虎公仔摆件+切换商品小图","20","18","0","0",
189,"奖品展示页+HEA 国潮醒狮 单肩斜跨包+切换商品小图","20","20","0","0",
190,"奖品展示页+火影忍者 鸣人 粘土人（忍术）+切换商品小图","20","19","0","0",
191,"奖品展示页+火影忍者 卡卡西 徽章+切换商品小图","20","20","0","0",
192,"奖品展示页+火影忍者 鸣人 亚克力双面立牌+切换商品小图","19","17","0","0",
193,"奖品展示页+火影忍者 佐助 亚克力双面立牌+切换商品小图","18","17","0","0",
194,"奖品展示页+学院风韩版英文刺绣棒球帽（黑色）+切换商品小图","18","16","0","0",
195,"奖品展示页+火影忍者 鸣人 粘土人（手里剑）+切换商品小图","18","17","0","0",
196,"奖品展示页+白菜狗公仔抱枕 25厘米+切换商品小图","18","17","0","0",
197,"战利品库+实物商品+确认支付","18","16","0","0",
198,"奖品展示页+鬼灭之人 炎柱杏寿郎 小人仔玩具+切换商品小图","18","13","0","0",
199,"奖品展示页+鬼灭之刃 伊之助 合金胸针+切换商品小图","16","14","0","0",
200,"奖品展示页+火影忍者 佐助 小人仔玩具+切换商品小图","16","13","0","0",
201,"奖品展示页+顺祥陶瓷马克杯 X 王者荣耀联名+切换商品小图","16","16","0","0",
202,"奖品展示页+二次元动漫手账胶带（鬼灭之刃）+切换商品小图","16","16","0","0",
203,"奖品展示页+日系招财猫手机钥匙挂坠+切换商品小图","16","15","0","0",
204,"奖品展示页+鲁班七号鼠标垫 X 王者荣耀联名+切换商品小图","15","12","0","0",
205,"奖品展示页+海贼王 真金电镀 卡通胸针（艾斯）+切换商品小图","15","13","0","0",
206,"幸运商店+明细+充值","15","15","0","0",
207,"奖品展示页+GSC  鬼灭之刃 灶门祢豆子 手办+切换商品小图","13","11","0","0",
208,"奖品展示页+LEGO 42115 兰博基尼 拼搭积木+切换商品小图","13","7","0","0",
209,"奖品展示页+PUMA 圆领加绒打底衫+切换商品小图","13","13","0","0",
210,"奖品展示页+学院风韩版英文刺绣棒球帽（棕色）+切换商品小图","13","11","0","0",
211,"奖品展示页+鬼灭之刃 灶门炭治郎 亚克力双面立牌+切换商品小图","12","11","0","0",
212,"奖品展示页+学院风韩版英文刺绣棒球帽（蓝色）+切换商品小图","12","11","0","0",
213,"奖品展示页+大疆 DJI Mini SE 航拍小飞机+切换商品小图","12","11","0","0",
214,"奖品展示页+寿屋 海贼王 POP MAX四档弹跳人 路飞 手办+切换商品小图","12","11","0","0",
215,"奖品展示页+【预售】鬼灭之刃 灶门炭治郎 生生流转 手办+切换商品小图","12","9","0","0",
216,"幸运商店+充值+129元套餐","11","5","0","0",
217,"奖品展示页+鬼灭之刃 富冈义勇 亚克力双面立牌+切换商品小图","11","10","0","0",
218,"奖品展示页+LEGO 21327经典打字机 拼搭积木+切换商品小图","11","9","0","0",
219,"奖品展示页+【预售】寿屋 海贼王 七武海 多弗朗明哥 手办+切换商品小图","11","9","0","0",
220,"奖品展示页+日系柴犬手机钥匙挂坠 行走的表情包+切换商品小图","11","11","0","0",
221,"奖品展示页+眼镜厂 海贼王  鬼岛战斗服 路飞 景品手办+切换商品小图","11","10","0","0",
222,"奖品展示页+鬼灭之刃  富冈义勇 合金胸针+切换商品小图","11","10","0","0",
223,"奖品展示页+LEGO 10294 泰坦尼克号 拼搭积木+切换商品小图","11","9","0","0",
224,"奖品展示页+海贼王 路飞系列Q版手办（挥手）+切换商品小图","11","11","0","0",
225,"奖品展示页+世嘉 鬼灭之刃 虫柱蝴蝶忍 饭团+切换商品小图","11","10","0","0",
226,"奖品展示页+日系哈士奇手机钥匙挂坠+切换商品小图","11","10","0","0",
227,"奖品展示页+可口可乐经典吸管不锈钢保温杯 850ml+切换商品小图","11","10","0","0",
228,"奖品展示页+LEGO 71040迪士尼乐园城堡 拼搭积木+切换商品小图","11","10","0","0",
229,"奖品展示页+万代 桑尼号 拼装模型手办+切换商品小图","11","10","0","0",
230,"奖品展示页+Kindle paperwhite4 电子阅读器  6英寸+切换商品小图","10","8","0","0",
231,"奖品展示页+B.Duck 印花潮款一次性口罩（黑色涂鸦） *10枚+切换商品小图","10","9","0","0",
232,"奖品展示页+鬼灭之刃 我妻善逸 合金胸针+切换商品小图","10","10","0","0",
233,"奖品展示页+海贼王 真金电镀 卡通胸针（乔巴）+切换商品小图","10","9","0","0",
234,"奖品展示页+鬼灭之刃 灶门祢豆子 合金胸针+切换商品小图","10","9","0","0",
235,"奖品展示页+海贼王 真金电镀 卡通胸针（女帝）+切换商品小图","10","9","0","0",
236,"奖品展示页+小米米家电动滑板车Pro 45公里续航+切换商品小图","10","10","0","0",
237,"奖品展示页+【预售】集美殿堂 海贼王 四皇凯多 雕像+切换商品小图","9","8","0","0",
238,"奖品展示页+海贼王 真金电镀 卡通胸针（路飞）+切换商品小图","9","5","0","0",
239,"奖品展示页+鬼灭之刃 蝴蝶忍 亚克力双面立牌+切换商品小图","9","8","0","0",
240,"奖品展示页+鬼灭之刃 灶门炭治郎  合金胸针+切换商品小图","9","9","0","0",
241,"奖品展示页+鬼灭之刃 杏寿郎 亚克力双面立牌+切换商品小图","9","8","0","0",
242,"奖品展示页+红色小铃铛手机钥匙挂坠+切换商品小图","8","8","0","0",
243,"奖品展示页+Keeppley国玩系列迷你太和殿 拼搭积木+切换商品小图","8","7","0","0",
244,"奖品展示页+眼镜厂 海贼王 汉库克 女帝 蛇姬 景品手办+切换商品小图","8","5","0","0",
245,"奖品展示页+【预售】鬼灭之刃 炎柱 炼狱杏寿郎 GSC手办+切换商品小图","8","7","0","0",
246,"奖品展示页+ANNATI/安娜q 高颜值 22寸拉杆箱+切换商品小图","8","7","0","0",
247,"奖品展示页+二次元动漫手账胶带（盗墓笔记）+切换商品小图","8","7","0","0",
248,"奖品展示页+杜威克 滑板初学者滑板车+切换商品小图","8","7","0","0",
249,"奖品展示页+米家 小米电动牙刷 T300+切换商品小图","8","8","0","0",
250,"奖品展示页+火影忍者 六道鸣人 小人仔玩具+切换商品小图","7","7","0","0",
251,"奖品展示页+【预售】眼镜厂 海贼王 火拳艾斯 景品手办+切换商品小图","7","6","0","0",
252,"奖品展示页+MUJI无印良品U型枕护颈枕+切换商品小图","7","7","0","0",
253,"奖品展示页+得力(deli)B5/60张活页笔记本子+切换商品小图","7","7","0","0",
254,"奖品展示页+【预售】 眼镜厂 海贼王 索隆 和之国 景品手办+切换商品小图","7","7","0","0",
255,"奖品展示页+国行 Polaroid宝丽来Now+?+切换商品小图","7","7","0","0",
256,"奖品展示页+LOZ 春节小屋 拼搭积木+切换商品小图","7","5","0","0",
257,"奖品展示页+hea 国粹醒狮街头潮流中国风单肩斜跨包+切换商品小图","7","7","0","0",
258,"奖品展示页+海贼王 真金电镀 卡通胸针 （草帽海贼）+切换商品小图","7","6","0","0",
259,"奖品展示页+凌美(LAMY)Safari狩猎者 钢笔+切换商品小图","7","7","0","0",
260,"奖品展示页+海贼王 真金电镀 卡通胸针（索隆）+切换商品小图","6","5","0","0",
261,"奖品展示页+海贼王 真金电镀 卡通胸针（海贼标志）+切换商品小图","6","6","0","0",
262,"奖品展示页+火影忍者 九尾鸣人 小人仔玩具+切换商品小图","6","6","0","0",
263,"奖品展示页+凌美（LAMY）Joy喜悦 钢笔 白色红夹+切换商品小图","6","6","0","0",
264,"奖品展示页+日本KOKUYO国誉笔袋+切换商品小图","6","6","0","0",
265,"奖品展示页+潮牌胸包 X PG辛普森一家+切换商品小图","6","5","0","0",
266,"奖品展示页+海贼王 路飞系列Q版手办（吹口哨）+切换商品小图","6","6","0","0",
267,"幸运商店+我要退款+再想想","6","5","0","0",
268,"奖品展示页+二次元动漫手账胶带（工作细胞）+切换商品小图","6","6","0","0",
269,"奖品展示页+KAWS 潮牌 黑武士 拼搭积木+切换商品小图","6","6","0","0",
270,"奖品展示页+海贼王 路飞系列Q版手办（挨打）+切换商品小图","6","6","0","0",
271,"奖品展示页+无印良品 A6日程本+切换商品小图","6","5","0","0",
272,"奖品展示页+LEGO 40460玫瑰情人花束 拼搭积木+切换商品小图","6","5","0","0",
273,"奖品展示页+潮牌胸包 X PG城市涂鸦+切换商品小图","6","6","0","0",
274,"奖品展示页+KAWS半人 拼搭积木+切换商品小图","5","5","0","0",
275,"奖品展示页+LEGO 76140钢铁侠 拼搭积木+切换商品小图","5","5","0","0",
276,"奖品展示页+海贼王 路飞系列Q版手办（星星眼）+切换商品小图","5","5","0","0",
277,"奖品展示页+二次元动漫手账胶带（夏目友人帐）+切换商品小图","5","5","0","0",
278,"奖品展示页+海贼王 娜美 小人仔玩具+切换商品小图","5","5","0","0",
279,"奖品展示页+小米 九号平衡车+卡丁车套件+切换商品小图","5","5","0","0",
280,"奖品展示页+森宝 小吃摊 日式街景系列 积木+切换商品小图","5","4","0","0",
281,"奖品展示页+井井  家用标签打印机+切换商品小图","4","4","0","0",
282,"奖品展示页+城市盒子304不锈钢马克杯+切换商品小图","4","4","0","0",
283,"幸运商店+充值+79元套餐","4","4","0","0",
284,"奖品展示页+索尼 黑卡数码相机 DSC-HX90+切换商品小图","4","4","0","0",
285,"幸运商店+充值+199元套餐","4","3","0","0",
286,"奖品展示页+潮牌胸包 X PG爆炸涂鸦+切换商品小图","4","4","0","0",
287,"奖品展示页+二次元动漫手账胶带（海贼王）+切换商品小图","4","3","0","0",
288,"奖品展示页+潮牌芝麻街 西装穿搭 拼搭积木+切换商品小图","4","4","0","0",
289,"奖品展示页+海贼王 艾斯 小人仔玩具+切换商品小图","4","3","0","0",
290,"奖品展示页+森宝 居酒屋 日式街景系列 积木+切换商品小图","2","2","0","0",
291,"奖品展示页+红色小铃铛手机钥匙钥匙+切换商品小图","1","1","0","0",

