region_program_name,program_name,type,support,size,version,update_date,package_name,appid,developer,private_policy,permission,icon_url
步步赚,步步赚钱,体育运动,手机,41.78M,3.1.8,2021-02-23,com.ddzhuan.app,966651,上海铎奕信息技术有限公司, , ,http://file.market.xiaomi.com/thumbnail/PNG/l114/AppStore/02b1452f29d2e62bc7d8e889bcc1ea1c7f541657d
跑步赚,步多多,体育运动,手机,42.37M,1.7.1,2021-03-09,com.qsmy.walkmonkey,879226,上海序言泽网络科技有限公司, , ,http://file.market.xiaomi.com/thumbnail/PNG/l114/AppStore/08f284ea246fce71c8a15b91e814482cf9142fb38
九元航空,南方航空,旅行交通,手机,74.76M,4.0.8,2021-03-15,com.csair.mbp,9024,中国南方航空股份有限公司, , ,http://file.market.xiaomi.com/thumbnail/PNG/l114/AppStore/0545964e015be4e1e1a21252b1f20b3373e234228
防盗监控-对接网络摄像头（防盗监控-对接监控摄像头）,监控摄像头,实用工具,手机,10.57M,2.2.0,2021-03-01,com.adam.SocketDemo,1323228,ADAM, , ,http://file.market.xiaomi.com/thumbnail/PNG/l114/AppStore/0b7e1f4fb1ff14f4d21db13e8d795d1479a5e96ce
360智能摄像机,360智能摄像机,影音视听,手机,75.45M,7.3.0.0,2021-01-21,com.qihoo.camera,689383,北京视觉世界科技有限公司, , ,http://file.market.xiaomi.com/thumbnail/PNG/l114/AppStore/07592e49c6d774ce3277976f3ff6675e2e499eca3
固安圈,生活圈,聊天社交,手机,64.85M,7.94.2.210210,2021-03-06,com.shenghuoquan,883302,北京简网生活圈科技有限公司, , ,http://file.market.xiaomi.com/thumbnail/PNG/l114/AppStore/0d5654b8f697689f0fdc00dd93f0655e59b40b804
快票出行,快票出行,旅行交通,手机,77.33M,3.3.5,2021-03-08,com.yijin.fastticket,509906,河北快票出行旅游服务有限公司, , ,http://file.market.xiaomi.com/thumbnail/PNG/l114/AppStore/0ba2159ad6fa32da2f9bebe928f85251cf942b54f
探位手机定位寻人,寻踪手机定位寻人,实用工具,手机,29.27M,1.12,2020-11-26,com.cn.android.xunzong,1254176,杭州爱上租机信息技术有限公司, , ,http://file.market.xiaomi.com/thumbnail/PNG/l114/AppStore/005b2545820d4db53cc392869005565571f401712
小蚁摄像机,小蚁摄像机,摄影摄像,手机,105.04M,5.3.6_20210310,2021-03-10,com.ants360.yicamera,75646,上海小蚁科技有限公司, , ,http://file.market.xiaomi.com/thumbnail/PNG/l114/AppStore/0451655d1e46f84a901f00f4e547506b677417b8e
海南航空,海南航空,旅行交通,手机,54.23M,8.6.6,2021-02-22,com.rytong.hnair,429202,海南航空控股股份有限公司, , ,http://file.market.xiaomi.com/thumbnail/PNG/l114/AppStore/07fe89442c160491909addcfdca154ea376c59a47
高铁管家,高铁管家,旅行交通,手机,102.09M,7.4.7,2021-03-11,com.gtgj.view,34009,深圳市活力天汇科技股份有限公司, , ,http://file.market.xiaomi.com/thumbnail/PNG/l114/AppStore/0ca86b7865a76461d953e9d7f17a8e33296197987
客运帮,客运帮,旅行交通,手机,86.18M,9.5.4,2021-02-02,com.tieyou.bus.ark,64467,上海极途信息技术有限公司, , ,http://file.market.xiaomi.com/thumbnail/PNG/l114/AppStore/0281442d0be1214d0e669aa5286def05bb4435678
烘培帮,烘焙帮,居家生活,手机,19.81M,5.5.0,2021-02-21,com.hongbeibang.app,104044,佛山市烘焙帮信息技术有限公司, , ,http://file.market.xiaomi.com/thumbnail/PNG/l114/AppStore/0edd254e86f5243b70a885f77be4bb0e5f79e57e2
东方美食,东方美食,居家生活,手机,33.25M,3.9.5,2021-03-12,com.goojje.dfmeishi,462227,红厨帽国际广告传媒（北京）有限公司, , ,http://file.market.xiaomi.com/thumbnail/PNG/l114/AppStore/0974a94cfd8c2486c087a28a20445fa72a000764d
有赞精选,有赞精选,时尚购物,手机,33.82M,5.7.0,2021-03-11,com.qima.mars,201624,杭州有赞科技有限公司, , ,http://file.market.xiaomi.com/thumbnail/PNG/l114/AppStore/0a861429c10c8383b525af47140c042ae5140b78b
百果园,百果园,时尚购物,手机,34.05M,4.2.2.1,2021-03-04,com.pagoda.buy,227849,深圳百果园实业（集团）股份有限公司, , ,http://file.market.xiaomi.com/thumbnail/PNG/l114/AppStore/086be096684c1477983e28db46c6eaccf2776f47e
链淘,链淘,时尚购物,手机,63.56M,1.9.48,2021-03-02,com.liantaoapp.liantao,920088,四川安鹏网络科技有限公司, , ,http://file.market.xiaomi.com/thumbnail/PNG/l114/AppStore/07637340cf3294762237aa21cb861dee2698ca972
醒购,醒购-特卖优惠购物,时尚购物,手机,45.25M,3.1.1,2021-02-05,com.xgbuy.xg,462643,厦门聚买网络科技有限公司, , ,http://file.market.xiaomi.com/thumbnail/PNG/l114/AppStore/0fe104baed8fb27804d1ce5e773b940927b419cf3
玩物得志,玩物得志,时尚购物,手机,59.18M,3.7.6,2021-03-15,com.zdwh.wwdz,784501,杭州装点文化创意有限公司, , ,http://file.market.xiaomi.com/thumbnail/PNG/l114/AppStore/00281824476374916ac2d54bef4ba22b034bd3e7e
天天鉴宝,天天鉴宝-文玩玉石直播鉴定,时尚购物,手机,93.52M,3.6.9,2021-02-08,com.yiding.jianhuo,803457,河南天眸网络科技有限公司, , ,http://file.market.xiaomi.com/thumbnail/PNG/l114/AppStore/05dda75f814c842b52f36c102a61a23ff987e1ac8
东风出行,T3出行,旅行交通,手机,73.42M,2.1.7,2021-02-25,com.t3go.passenger,839822,南京领行科技股份有限公司, , ,http://file.market.xiaomi.com/thumbnail/PNG/l114/AppStore/0714c451e330048b62c1603b0b83bfeb2f31c7c33
上海迪士尼乐园,迪士尼度假区,居家生活,手机,44.68M,8.1.1,2021-03-01,com.disney.shanghaidisneyland_goo,888342,上海国际主题乐园有限公司, , ,http://file.market.xiaomi.com/thumbnail/PNG/l114/AppStore/0a38214f1de49473116e840c86b700dd4011f7054
小小影视大全,小小影视,影音视听,手机,27.75M,2.6.0,2021-02-20,com.television.xxys,1332592,成都九纪言科技有限公司, , ,http://file.market.xiaomi.com/thumbnail/PNG/l114/AppStore/065d54587bb14675fc0e8f4c051ab54e30f4384a5
千千音乐,千千音乐-听见你的世界,影音视听,手机,18.43M,8.2.3.3,2021-03-15,com.ting.mp3.android,9180,北京音之邦文化科技有限公司, , ,http://file.market.xiaomi.com/thumbnail/PNG/l114/AppStore/0179e54a73c6b4d8538e72a1422e2baa432e8d98d
疯播直播,疯播直播,影音视听,手机,76.68M,2.4.0,2021-02-03,com.fengbo.live,577897,金华星秀文化传播有限公司, , ,http://file.market.xiaomi.com/thumbnail/PNG/l114/AppStore/0c1d6564537b8e66fa44650e82b7f6892a541a21c
虎音小视频,虎音小视频,影音视听,手机,104.14M,6.3.7,2020-12-21,com.huyin.phonelive,1216182,河南讯丰网络科技有限公司, , ,http://file.market.xiaomi.com/thumbnail/PNG/l114/AppStore/02703409738bd0eb2bcf9bac06b97ad3bb04184c6
草莓视频,草莓视频,聊天社交,手机,74.34M,1.4.0,2021-02-08,com.bixinlive.com,816498,广州海浪网络科技有限公司, , ,http://file.market.xiaomi.com/thumbnail/PNG/l114/AppStore/06c8ea5c8c45648590cd660b731b6988b09e1ac78
VLOG,Vlog,影音视听,手机,40.24M,1.6.5,2020-11-18,video.bianji.xiaoyun,957627,广州浩衣科技有限公司, , ,http://file.market.xiaomi.com/thumbnail/PNG/l114/AppStore/00344642c7cb642fb16f12430c1ca8e614bcf54ed
前排视频,腾讯视频,影音视听,手机,84.53M,8.3.21.21845,2021-03-09,com.tencent.qqlive,1357,腾讯科技（北京）有限公司——视频, , ,http://file.market.xiaomi.com/thumbnail/PNG/l114/AppStore/08ecd48c96865847bfa480d583d21520598413bcd
沃视频,沃视频,影音视听,手机,287.55M,6.8.9,2021-02-09,com.unicom.woshipin,452028,联通视频科技有限公司, , ,http://file.market.xiaomi.com/thumbnail/PNG/l114/AppStore/0027e24f0fe1a439624eb8f467b1b36b6f91af3a6
波波视频,波波视频,影音视听,手机,33.84M,5.34.6,2021-02-04,tv.yixia.bobo,506476,炫一下（北京）科技有限公司, , ,http://file.market.xiaomi.com/thumbnail/PNG/l114/AppStore/0a3af549264a2b19bf0a2b2c6198ed04494428c4e
瓜子二手车,瓜子二手车,时尚购物,手机,40.05M,7.9.0.6,2021-02-01,com.ganji.android.haoche_c,94424,金瓜子科技发展（北京）有限公司, , ,http://file.market.xiaomi.com/thumbnail/PNG/l114/AppStore/08c7d4bd3a90c1d52dede99d31ca3dcf6c5405326
兔博士,兔博士,居家生活,手机,29.32M,12.10.0,2021-03-15,com.rabbit.doctor,231419,上海礼友信息技术服务有限公司, , ,http://file.market.xiaomi.com/thumbnail/PNG/l114/AppStore/090f3520ab2660718bc95e5e1e38e24588542f910
周公解梦,周公解梦最新大全,实用工具,手机,83.39M,1.9.5,2020-12-28,net.zxfzgjm.android,447822,上海启贯信息技术有限公司, , ,http://file.market.xiaomi.com/thumbnail/PNG/l114/AppStore/052cea5a12724410f19b98258a67b6c8d166af6fa
爱吾游戏宝盒,豌豆荚,实用工具,手机,14.29M,6.21.31,2020-11-24,com.wandoujia.phoenix2,2080,北京卓易讯畅科技有限公司, , ,http://file.market.xiaomi.com/thumbnail/PNG/l114/AppStore/0c64cd5c0f3344e7838627106d5d3b2ca853b58b2
万达普惠,万达普惠,金融理财,手机,45.84M,4.0.4,2021-03-12,com.wdjr.loan,509882,广州万达普惠网络小额贷款有限公司, , ,http://file.market.xiaomi.com/thumbnail/PNG/l114/AppStore/0711c5688cf1f51f45b01c0adc34267209b4244d1
悟空优选,悟空优选,时尚购物,手机,18.88M,2.0.7,2020-01-17,com.wukongyouxuan.app,924723,厦门林多人力资源有限公司, , ,http://file.market.xiaomi.com/thumbnail/PNG/l114/AppStore/0ea865c1662214b90c44f5b3d7a57e5cffa40017e
网贷之家,网贷之家,新闻资讯,手机,33.06M,8.7.2,2020-12-16,com.wdzj.app,76160,上海盈讯科技有限公司, , ,http://file.market.xiaomi.com/thumbnail/PNG/l114/AppStore/0c93e64ba5d86469219c0c344a090eff44ba59d1e
快易花,快易花,金融理财,手机,18.08M,1.5.2,2021-01-28,com.wanda.kuaiyihua,641849,重庆万达小额贷款有限公司, , ,http://file.market.xiaomi.com/thumbnail/PNG/l114/AppStore/09b1364852a64479821a2f94d60bf3a36cc1517e0
趣制作,趣制作,摄影摄像,手机,58.6M,2.1.5,2021-01-29,com.zsyj.videomake,740485,深圳市手指游科技有限公司, , ,http://file.market.xiaomi.com/thumbnail/PNG/l114/AppStore/069045c44ff6aec767a47215a7139554ca340edb8
魔玩助手,豌豆荚,实用工具,手机,14.29M,6.21.31,2020-11-24,com.wandoujia.phoenix2,2080,北京卓易讯畅科技有限公司, , ,http://file.market.xiaomi.com/thumbnail/PNG/l114/AppStore/0c64cd5c0f3344e7838627106d5d3b2ca853b58b2
全局透明壁纸,全局透明壁纸,实用工具,手机,35.4M,1.4.1,2021-02-01,com.zsyj.trans,781471,深圳市咖咖游科技有限公司, , ,http://file.market.xiaomi.com/thumbnail/PNG/l114/AppStore/06af83442d72e4d573ad4ae8db9bc576fffbf5664
秀来电,秀来电,实用工具,手机,28.64M,2.1.3,2021-01-14,com.phone.show,768969,合肥东晚信息科技有限公司, , ,http://file.market.xiaomi.com/thumbnail/PNG/l114/AppStore/01a0340d74a6a61e4f23e6ff89f5791af3641d881
八门神器,八门神器,聊天社交,手机,35.55M,3.8.0,2021-01-20,com.zhangkongapp.joke.bamenshenqi,64039,长沙掌控信息科技有限公司, , ,http://file.market.xiaomi.com/thumbnail/PNG/l114/AppStore/0cd2a4203ea5177165f65f6ad86d0cb4aa74338c5
海豚手游加速器,海豚手游加速器,实用工具,手机、平板,30.61M,3.3.0207,2021-02-23,mobi.htjsq.accelerator,577814,厦门享游网络科技有限公司, , ,http://file.market.xiaomi.com/thumbnail/PNG/l114/AppStore/0b92443afb55ff9a797e81409dcac4ad0a9435583
天气通,天气通,居家生活,手机,27.56M,7.15,2021-03-05,sina.mobile.tianqitong,283,微梦创科网络科技（中国）有限公司, , ,http://file.market.xiaomi.com/thumbnail/PNG/l114/AppStore/04c81b548183d464d2824e1e7f4411aaaf0b26d0c
知味社区,中老年生活-相亲交友社交养老,聊天社交,手机,102.38M,3.8.2,2021-03-11,com.macapp.android,533194,杭州每次科技有限公司, , ,http://file.market.xiaomi.com/thumbnail/PNG/l114/AppStore/00e695d312d4ca7cade22f29bfb9f30314c41717c
猫爪,猫爪,聊天社交,手机,32.82M,0.0.72,2021-03-12,com.xiyou.miao,914866,深圳市能饭科技有限公司, , ,http://file.market.xiaomi.com/thumbnail/PNG/l114/AppStore/005264c690becfaa2441ac38e7f532a5fa8416382
红板报,红板报,图书阅读,手机,34.8M,5.2.3,2021-03-08,flipboard.cn,2103,凡博（北京）科技有限公司, , ,http://file.market.xiaomi.com/thumbnail/PNG/l114/AppStore/06810744341df4fb70c9b32ce08653d60849c06e1
熊猫看书,熊猫看书,图书阅读,手机,25.32M,9.0.2.09,2021-03-15,com.nd.android.pandareader,353,北京幻想纵横网络技术有限公司, , ,http://file.market.xiaomi.com/thumbnail/PNG/l114/AppStore/00e63158628fe49dd3fb1e344bd4bd28194b08bba
轻松筹,轻松筹,医疗健康,手机,22.25M,4.9.4,2021-03-02,com.qingsongchou.social,330895,北京轻松筹网络科技有限公司, , ,http://file.market.xiaomi.com/thumbnail/PNG/l114/AppStore/0de452480ec9545d100853611bfbec090427838db
小咖秀,小咖秀,影音视听,手机,7.54M,3.0.11,2020-11-20,com.yixia.xiaokaxiu,102231,炫一下（北京）科技有限公司, , ,http://file.market.xiaomi.com/thumbnail/PNG/l114/AppStore/060ab14fe4d07425a20b413ef455a637c9084318e
网易公开课,网易公开课,学习教育,手机,35.6M,8.3.3,2021-03-05,com.netease.vopen,368,网易（杭州）网络有限公司, , ,http://file.market.xiaomi.com/thumbnail/PNG/l114/AppStore/008b741bf153c219d499e8b08d33b74cd7f43cb66
会说话的汤姆猫2,会说话的汤姆猫2,儿童益智,手机,70.95M,5.3.15.574,2021-01-23,com.outfit7.talkingtom2free,493,广州金科文化科技有限公司, , ,http://file.market.xiaomi.com/thumbnail/PNG/l114/AppStore/08f0d5d88eaf806961743843d9834b190754385c0
好省,好省,时尚购物,手机,47.23M,5.0.2.0,2021-03-05,com.xiaoshijie.sqb,465518,杭州嘉洁网络科技有限公司, , ,http://file.market.xiaomi.com/thumbnail/PNG/l114/AppStore/0b85746e18a603e3032c5d94518001fc9d6429c38
恒易贷,恒易贷,金融理财,手机,81.22M,3.7.2,2021-03-04,com.hengchang.client,444860,北京网众共创科技有限公司, , ,http://file.market.xiaomi.com/thumbnail/PNG/l114/AppStore/0d16235c9a6624e922fed274c2213b5e951942c3d
安智市场,豌豆荚,实用工具,手机,14.29M,6.21.31,2020-11-24,com.wandoujia.phoenix2,2080,北京卓易讯畅科技有限公司, , ,http://file.market.xiaomi.com/thumbnail/PNG/l114/AppStore/0c64cd5c0f3344e7838627106d5d3b2ca853b58b2
借钱花吧,借钱花吧,金融理财,手机,20.7M,2.6.7,2021-01-06,com.rybring.huabei,433142,上海融宜网络科技有限公司, , ,http://file.market.xiaomi.com/thumbnail/PNG/l114/AppStore/05be9536c8dc8c41fe5f07544b6d80d5c304074ff
完美校园,完美校园,学习教育,手机,58.31M,5.3.6,2021-03-06,com.newcapec.mobile.ncp,76381,完美数联(杭州)科技有限公司, , ,http://file.market.xiaomi.com/thumbnail/PNG/l114/AppStore/08978f4fbc50e42672e905b8c10ac22dd988fe200
充多多,充多多,时尚购物,手机,14.04M,1.4.8,2021-02-01,com.recharge.many,680657,上海希幽信息科技有限公司, , ,http://file.market.xiaomi.com/thumbnail/PNG/l114/AppStore/094e5e578320e45891c936a4e2be3a4df0f515bfb
影视大全,影视大全,影音视听,手机,51.7M,4.0.0,2021-03-15,com.le123.ysdq,62750,金华锦尚科技有限公司, , ,http://file.market.xiaomi.com/thumbnail/PNG/l114/AppStore/071685462923cb9876ce2fdae79c605699a40c621
浅言,浅言,聊天社交,手机,67.15M,7.2.7,2021-03-05,com.zhy.qianyan,503291,上海渠杰信息科技有限公司, , ,http://file.market.xiaomi.com/thumbnail/PNG/l114/AppStore/06b0359ce7a70747c17ae64ad157a1752b440ce15
蚂蚁短租,蚂蚁短租,旅行交通,手机,53.95M,8.0.1,2021-01-04,com.mayi.android.shortrent,25653,北京裕山阳科技发展有限公司, , ,http://file.market.xiaomi.com/thumbnail/PNG/l114/AppStore/09f5c58c1f88cfe0e7529cdcd37a209ace440a393
有妖气漫画,有妖气漫画-雏蜂独家连载,图书阅读,手机,35.09M,5.6.0,2021-03-11,com.u17.comic.phone,3224,北京四月星空网络技术有限公司, , ,http://file.market.xiaomi.com/thumbnail/PNG/l114/AppStore/02f0153c89d3d5d38224d37afa0c91b0510412b9d
互助文档,互助文档,效率办公,手机,13.01M,5.17.1,2021-03-03,com.v.zy,39737,北京千阳远望信息技术有限公司, , ,http://file.market.xiaomi.com/thumbnail/PNG/l114/AppStore/07c725af19d3090ae6336274d10158f279d428be5
拾柒,拾柒,实用工具,手机,101.5M,5.9.5,2021-01-20,com.shiqichuban.android,425719,拾柒网络技术（北京）有限公司, , ,http://file.market.xiaomi.com/thumbnail/PNG/l114/AppStore/0c3e74d3e909631eebebb58df0aef8b02da4333b3
快剪辑,快剪辑,摄影摄像,手机,108.83M,5.3.6.1091,2021-01-19,com.qihoo.qeditor,577500,北京奇元科技有限公司, , ,http://file.market.xiaomi.com/thumbnail/PNG/l114/AppStore/02de8257e17214a3220801ce9cd2f9c1614d7d05b
Fit健身,Fit健身,体育运动,手机,62.34M,6.5.3,2021-02-25,com.sportq.fit,343628,上海去动网络科技有限公司, , ,http://file.market.xiaomi.com/thumbnail/PNG/l114/AppStore/0aab5e42ccabf45ba1347658060f4bb7fed5f9246
有信,有信,聊天社交,手机,26.37M,8.0.0,2021-03-01,com.yx,3569,深圳市有信网络技术有限公司, , ,http://file.market.xiaomi.com/thumbnail/PNG/l114/AppStore/0b9a857b5522154a89dfe349cf1c2f9efd743338a
稿定设计(天天向商),稿定设计,摄影摄像,手机,111.16M,4.4.0,2021-02-07,com.hlg.daydaytobusiness,119182,厦门稿定股份有限公司, , ,http://file.market.xiaomi.com/thumbnail/PNG/l114/AppStore/033fd5c9a56af43b59bbb794560d908bcfe40a18f
MAX+,Max+,聊天社交,手机,39.33M,4.4.30,2021-02-10,com.dotamax.app,97405,清枫(北京)科技有限公司, , ,http://file.market.xiaomi.com/thumbnail/PNG/l114/AppStore/097206496526642580e6ff21900ac523b4de51583
藏书馆,藏书馆,图书阅读,手机,77.9M,6.1.7,2021-02-07,com.cliff,119356,厦门简帛云生态科技有限公司, , ,http://file.market.xiaomi.com/thumbnail/PNG/l114/AppStore/0893305f4009c497d281159ee9d4f866f144cd1d8
鲨鱼记账,鲨鱼记账,金融理财,手机,44.97M,3.42.1,2021-03-10,com.shark.jizhang,465860,鲨鱼快游网络技术（北京）有限公司, , ,http://file.market.xiaomi.com/thumbnail/PNG/l114/AppStore/018a250b874dd36b1a0bcb7758a6fbb45e741c1cd
VIP陪练,VIP陪练,学习教育,手机,134.95M,4.1.1,2021-03-01,com.pnlyy.pnlclass.pnlclass_student,464689,上海妙克信息科技有限公司, , ,http://file.market.xiaomi.com/thumbnail/PNG/l114/AppStore/09b194491716e4da804a9d689b07a5098a53d82d5
喝水时间,喝水时间,医疗健康,手机,15.37M,1.3.127,2021-02-21,com.szc.drinkwater,925917,合肥盛之昌网络科技有限公司, , ,http://file.market.xiaomi.com/thumbnail/PNG/l114/AppStore/0820d5216eb780d1cf3739a21fae82ce3e040aa45
超级课程表,超级课程表,学习教育,手机,60.36M,9.7.0.2,2021-01-07,com.xtuone.android.syllabus,13398,广州超级周末科技有限公司, , ,http://file.market.xiaomi.com/thumbnail/PNG/l114/AppStore/0e71f14bdb068483639b92e753c4d3d1926e9346b
NGA玩家社区,NGA玩家社区,聊天社交,手机,30.75M,9.2.0,2021-03-05,gov.pianzong.androidnga,27306,北京月神之箭网络科技有限公司, , ,http://file.market.xiaomi.com/thumbnail/PNG/l114/AppStore/03868740f7e784014013ff19474b8eceb145879bd
TutorABC,英语趣配音,学习教育,手机、平板,136.27M,7.39.0,2021-03-11,com.ishowedu.peiyin,77891,杭州菲助科技有限公司, , ,http://file.market.xiaomi.com/thumbnail/PNG/l114/AppStore/08b2ad599d6c04dc234477db3fcdd9a845ad7a6a3
小盒学生,小盒学生,学习教育,手机,45.3M,4.1.52,2021-03-03,com.knowbox.rc.student,759452,北京作业盒子科技有限公司, , ,http://file.market.xiaomi.com/thumbnail/PNG/l114/AppStore/0cf191d53280b4534a91b703d949d7d09b8729278
WIFI信号增强器,WiFi信号增强器,实用工具,手机,20.25M,4.2.7,2021-03-03,com.syezon.wifi,25490,杭州赛众信息技术有限公司, , ,http://file.market.xiaomi.com/thumbnail/PNG/l114/AppStore/0e57c0482ce9e47a605e14508909e79b3dc60476e
有车以后,有车以后-买新车,新闻资讯,手机,61.85M,4.56.0,2021-03-12,com.youcheyihou.iyoursuv,315645,广州有车以后信息科技有限公司, , ,http://file.market.xiaomi.com/thumbnail/PNG/l114/AppStore/02a685333bc3f8277c09c80c64d675afcc242aa9f
乐教乐学,乐教乐学,学习教育,手机,134.38M,1.0.236,2021-03-13,com.lj.ljshell,84585,北京世纪飞育软件有限责任公司, , ,http://file.market.xiaomi.com/thumbnail/PNG/l114/AppStore/000b8857f65f24dc019b67b9e7ea4717d4ce7cd6b
悟饭游戏厅,豌豆荚,实用工具,手机,14.29M,6.21.31,2020-11-24,com.wandoujia.phoenix2,2080,北京卓易讯畅科技有限公司, , ,http://file.market.xiaomi.com/thumbnail/PNG/l114/AppStore/0c64cd5c0f3344e7838627106d5d3b2ca853b58b2
租租车,租租车,旅行交通,手机,86.64M,5.4.210310,2021-03-11,com.zuzuChe,1345,广州力挚网络科技有限公司, , ,http://file.market.xiaomi.com/thumbnail/PNG/l114/AppStore/01d34551b9336b9052cef20d4f341f463bf41d58d
1药网,1药网,医疗健康,手机,47.32M,6.1.4,2021-03-08,com.yiwang,888,广东壹号大药房连锁有限公司, , ,http://file.market.xiaomi.com/thumbnail/PNG/l114/AppStore/0a0b545b6d991e196398de57e81e914d202426805
步多多,步多多,体育运动,手机,42.37M,1.7.1,2021-03-09,com.qsmy.walkmonkey,879226,上海序言泽网络科技有限公司, , ,http://file.market.xiaomi.com/thumbnail/PNG/l114/AppStore/08f284ea246fce71c8a15b91e814482cf9142fb38
千千音乐,千千音乐-听见你的世界,影音视听,手机,18.43M,8.2.3.3,2021-03-15,com.ting.mp3.android,9180,北京音之邦文化科技有限公司, , ,http://file.market.xiaomi.com/thumbnail/PNG/l114/AppStore/0179e54a73c6b4d8538e72a1422e2baa432e8d98d
WiFi管家,WiFi管家,实用工具,手机,14.47M,1.0.7,2020-09-30,com.sq.wifiapp,912656,上海泓永信息科技有限公司, , ,http://file.market.xiaomi.com/thumbnail/PNG/l114/AppStore/05dfb42f2e63167fb535c054e0e7c41897b4308ec
狐友,狐友,聊天社交,手机,41.7M,5.15.0,2021-02-07,com.sohu.sohuhy,630526,北京搜狐新媒体信息技术有限公司, , ,http://file.market.xiaomi.com/thumbnail/PNG/l114/AppStore/0485d4d53cef50a1d5d582d28a56263d95041e18c
小鹅花钱,小米贷款,金融理财,手机,56.44M,5.4.1.3561.1709,2021-03-04,com.xiaomi.loan,452551,上海小米金融信息服务有限公司, , ,http://file.market.xiaomi.com/thumbnail/PNG/l114/AppStore/04b321507c38a4b6704b2cec9ac1e632ec18f0e0b
嘟嘟美女直播,蜜桃美女直播,影音视听,手机,75.11M,5.1.4,2021-03-12,com.jj.shows,255386,广州市九浚信息技术有限公司, , ,http://file.market.xiaomi.com/thumbnail/PNG/l114/AppStore/02b793957dd9840a381a902befe0644069ae3bb68
去哪儿网,去哪儿旅行,旅行交通,手机,60.81M,10.0.3,2021-03-04,com.Qunar,339,去哪儿网（天津）国际旅行社有限公司, , ,http://file.market.xiaomi.com/thumbnail/PNG/l114/AppStore/0ac2c941f970e4bc716446340667a68d7902dfe60
39互联网医院,39互联网医院,医疗健康,手机,18.44M,0.5.11,2021-01-22,cn.longmaster.doctor,116968,贵阳叁玖互联网医疗有限公司, , ,http://file.market.xiaomi.com/thumbnail/PNG/l114/AppStore/0182f85157e534c75297a0af41392340303613923
储蓄罐,储蓄罐,金融理财,手机,36.02M,6.2.2,2020-12-16,howbuy.android.piggy,61973,上海好买基金销售有限公司, , ,http://file.market.xiaomi.com/thumbnail/PNG/l114/AppStore/0ee1a41c53a6efc4957a1a450be9b966768410284
VISTA看天下,Vista看天下,图书阅读,手机,37.13M,2.21.1,2021-01-11,com.vistastory.news,434767,北京看天下网络科技有限公司, , ,http://file.market.xiaomi.com/thumbnail/PNG/l114/AppStore/09e84348116204a6a2b1b7d8a5b8563aa35e3b639
玩吧,玩吧,聊天社交,手机,92.7M,10.13.5,2021-03-04,com.wodi.who,195245,北京默契破冰科技有限公司, , ,http://file.market.xiaomi.com/thumbnail/PNG/l114/AppStore/0084343755ebe80cc880fa49732e5ed52aa433d93
迅雷直播,迅雷直播,影音视听,手机,40.63M,3.56.962,2021-03-05,com.xunlei.tdlive,454502,深圳市迅雷网文化有限公司, , ,http://file.market.xiaomi.com/thumbnail/PNG/l114/AppStore/0d455a463655a4b5214e535b132833c24dbdf60db
360省电王,360省电王,实用工具,手机,15.2M,7.1.9,2021-02-02,com.qihoo360.mobilesafe.opti.powerctl,1283,成都安易迅科技有限公司, , ,http://file.market.xiaomi.com/thumbnail/PNG/l114/AppStore/05fc8a40423b84f870232682c1e89a83d686a6558
多闪,多闪,摄影摄像,手机,53.64M,5.5.0,2021-03-09,my.maya.android,755595,北京拍拍看看科技有限公司, , ,http://file.market.xiaomi.com/thumbnail/PNG/l114/AppStore/00a79408889f85e03590c8d55f158e4bcd140cbdd
和讯财经,和讯财经,新闻资讯,手机,32.63M,7.4.5,2021-03-11,com.hexun.news,1002,北京和讯在线信息咨询服务有限公司, , ,http://file.market.xiaomi.com/thumbnail/PNG/l114/AppStore/0ebab34bcb96d49da076b6b622b01236b9ec9e0b2
乐游,随乐游,实用工具,手机,36.22M,3.1.1.014,2021-02-07,com.stnts.iyoucloud,820632,湖北盛天网络技术股份有限公司, , ,http://file.market.xiaomi.com/thumbnail/PNG/l114/AppStore/0fe9634d946a043610eac1700047fec00d7cea87b
完美世界影城,完美世界,网游RPG,手机,"1,763.33M",1.513.0,2021-03-10,com.tencent.wmsj,691418,腾讯游戏, , ,http://file.market.xiaomi.com/thumbnail/PNG/l114/AppStore/0d4546c9f844c47ae917b5c4ead3565590bb6c58b
易乐玩,易乐,聊天社交,手机,44.75M,1.0.0,2020-12-22,com.baon.yileim,1292334,成都创生园环保科技有限责任公司, , ,http://file.market.xiaomi.com/thumbnail/PNG/l114/AppStore/0403a7406bb4647082eb636f69182395fad250652
小朋管家,小朋管家,时尚购物,手机,33.37M,3.2.0,2021-01-08,com.peng.xpgj,921529,深圳市小朋科技服务有限公司, , ,http://file.market.xiaomi.com/thumbnail/PNG/l114/AppStore/0535ef4cdda3a408b23130c934a15f653bd3e1d77
速聘58赶集网招聘,528招聘网,居家生活,手机,35.24M,9.3,2021-03-01,cn.com.wuerba,466013,深圳市万泉河科技股份有限公司, , ,http://file.market.xiaomi.com/thumbnail/PNG/l114/AppStore/0920f25e60e444c6909962088bbed92b7132e7f72
第一视频,第一视频,影音视听,手机,33.6M,9.1.1014,2021-01-26,com.v1.video,71782,第一视频（北京）网络技术有限公司, , ,http://file.market.xiaomi.com/thumbnail/PNG/l114/AppStore/063154a28de16b29e900c4a0780d62933c5418c14
MUST,BTS舞蹈球,休闲创意,手机、平板,38.8M,1.0.1,2021-03-01,com.tpgaming.btsdancingroad.dbzq.m,791459,TPGAMING, , ,http://file.market.xiaomi.com/thumbnail/PNG/l114/AppStore/0e4f35668b92a3dac65523e36941e5225e24266ba
Wifi密码读取器,WiFi密码查看器,实用工具,手机,8.9M,3.0.0,2021-02-08,com.rzwifi.password,105308,厦门蚂蚁工场信息科技有限公司, , ,http://file.market.xiaomi.com/thumbnail/PNG/l114/AppStore/080ddf48f54df48790238a5faf279d388720b9ee1
小叶子陪练（钢琴陪练）,小叶子陪练,学习教育,手机、平板,65.7M,3.4.3,2020-11-24,com.xiaoyezi.student,619870,小叶子（北京）科技有限公司, , ,http://file.market.xiaomi.com/thumbnail/PNG/l114/AppStore/03f66351e43634c5c11de587eb0222dc5c6245daf
