program_name,package_name,size,version,update_time,developer,icon_url
腾讯手机管家,com.tencent.qqpimsecure,28.2M,8.10.3,2021-03-16,腾讯科技（深圳）有限公司,http://file.market.xiaomi.com/thumbnail/PNG/l114/AppStore/0faa43d1280484ca7ae0782f527c5f5e33f67bb87
诸葛天气,com.yitong.weather,47M,3.14,2021-03-12,上海懿瞳信息科技有限公司,http://file.market.xiaomi.com/thumbnail/PNG/l114/AppStore/0cb0d41d5bdd94c6f99facd6e5271cd2ed75d1dc2
2345天气王,com.tianqi2345,42.39M,9.5.3,2021-03-15,上海二三四五移动科技有限公司,http://file.market.xiaomi.com/thumbnail/PNG/l114/AppStore/00567c5948c184edd2855f1e2abf444f4c22c9989
荔枝新闻,com.jsbc.lznews,57.79M,7.23,2021-03-11,江苏省广播电视集团有限公司,http://file.market.xiaomi.com/thumbnail/PNG/l114/AppStore/01a17e40075d746da0e0e6fb73ae55a56d1e165fb
七猫免费小说,com.kmxs.reader,18.98M,5.10,2021-03-16,上海七猫文化传媒有限公司,http://file.market.xiaomi.com/thumbnail/PNG/l114/AppStore/0095c455622cf24acaf486b640951ed5168415827
手机管家,com.botvxww.oumxc,4.67M,8.4.0,2021-03-13,厦门蚂蚁工场信息科技有限公司,http://file.market.xiaomi.com/thumbnail/PNG/l114/AppStore/03ccb472f3112b5b825a566e782286bd7da43876b
洪铟八字算命,net.hybz,21.1M,12.9.3,2021-03-11,广州洪铟信息科技有限公司,http://file.market.xiaomi.com/thumbnail/PNG/l114/AppStore/0db844919f5a979f0f0bd9cc26ddc0d0bcc42a80b
手机万年历,com.growth.calfun,20.83M,3.1.1,2021-03-09,上海舫舟信息科技有限公司,http://file.market.xiaomi.com/thumbnail/PNG/l114/AppStore/0da875863c84edc3d318ca31327aae30b4f43ecc9
讯飞配音,com.iflytek.uvoice,26.08M,2.3.10,2021-03-17,科大讯飞股份有限公司,http://file.market.xiaomi.com/thumbnail/PNG/l114/AppStore/040c7841db8b843a11570664af528f84db20c8f76
最美天气,com.icoolme.android.weather,46.76M,6.10.003.20210315,2021-03-15,西安酷美易天智能科技有限公司,http://file.market.xiaomi.com/thumbnail/PNG/l114/AppStore/08260ee99ed1949268c80ef8cd53f2514c336dade
AI音乐学院-吉他尤克里里,com.immusician.music,128.47M,3.1.4,2021-03-15,北京音悦荚科技有限责任公司,http://file.market.xiaomi.com/thumbnail/PNG/l114/AppStore/0fa344e9ad558e4ab04e6ad694c8b79cfce428d2c
我来数科,co.welab.wolaidai,21.06M,7.0.8,2021-03-15,卫盈联信息技术(深圳)有限公司,http://file.market.xiaomi.com/thumbnail/PNG/l114/AppStore/0e0c1495c62ca895ff769059937ce50c89e410a54
相册制作,com.zsyj.aipaper,53.22M,1.5.0,2021-03-16,深圳市游控科技有限公司,http://file.market.xiaomi.com/thumbnail/PNG/l114/AppStore/0c0395df9b3202173a099173b2d7a6e8e44428874
暖暖环游世界,com.pape.nuannew.cm.mitalk,622.8M,6.3.1,2021-02-05,芜湖叠纸网络科技有限公司,http://file.market.xiaomi.com/thumbnail/PNG/l114/AppStore/0d2745895752ed6e12b138a2fb801893ca942a916
天涯社区,cn.tianya.light,49.8M,7.1.6,2021-03-12,天涯社区网络科技股份有限公司,http://file.market.xiaomi.com/thumbnail/PNG/l114/AppStore/01ca24dba62cc2e62f33121a90a384be96042afcd
爱豆,com.idol.android,45.04M,7.6.3,2021-03-14,深圳市爱豆网络技术有限公司,http://file.market.xiaomi.com/thumbnail/PNG/l114/AppStore/070315d478d25ab34215793da8b0fe6dc14410b06
悦跑圈-运动记录,co.runner.app,115.92M,5.17.1,2021-03-15,广州悦跑信息科技有限公司,http://file.market.xiaomi.com/thumbnail/PNG/l114/AppStore/0b19fa7fabf244dce8b4029af1441a4e2771f7eb5
全民奇迹,com.qmqj.tianmashikong.mi,"1,276.17M",17.2.2,2021-03-17,天马时空,http://file.market.xiaomi.com/thumbnail/PNG/l114/AppStore/054ba44d17453424136dbe138e2f8817953334927
林肯之道,com.lincoln.lincolnwaycn,81.37M,3.2.7,2021-03-13,福特汽车(中国)有限公司,http://file.market.xiaomi.com/thumbnail/PNG/l114/AppStore/0843059c114d5a1234b146bed1e9ecad943429599
闪电清理大师,android.tests.devicesetup,4.51M,2.0,2021-03-01,良将科技,http://file.market.xiaomi.com/thumbnail/PNG/l114/AppStore/0343705ed59924986268ce7f35456d9fea10e87a2
比特球云盘,com.bitqiu.pan,25.7M,8.1.8.0,2021-03-13,湖北盛天网络技术股份有限公司,http://file.market.xiaomi.com/thumbnail/PNG/l114/AppStore/091adc45460434af3070de78e7f659ce1fa288f1f
5173游戏交易,com.yek.android.game5173,38.33M,3.9.4,2021-03-13,酷宝信息技术（上海）有限公司,http://file.market.xiaomi.com/thumbnail/PNG/l114/AppStore/0a0921409e5f2436e321189307a1d63edceb3297b
畅读书城,com.changdu,18.34M,3.9.3,2021-03-15,福州畅读信息科技有限公司,http://file.market.xiaomi.com/thumbnail/PNG/l114/AppStore/0c545b4ba604840112d4753c40750390d43947269
粉粉日记-手帐记账,pinkdiary.xiaoxiaotu.com,62.92M,7.95,2021-03-11,上海盘隆科技有限公司,http://file.market.xiaomi.com/thumbnail/PNG/l114/AppStore/048d8f4eafc9b43e30cb1ac7cc6206bcf0774abb7
积目,com.fenzotech.jimu,66.56M,4.7.10,2021-03-11,湖南高佳网络信息有限公司,http://file.market.xiaomi.com/thumbnail/PNG/l114/AppStore/03f5ac4c0c77f4d5508d34bcbe438968a7773080e
无忧课堂,com.dasheng.b2s,62.71M,3.6.5.1,2021-03-15,北京大生在线科技有限公司,http://file.market.xiaomi.com/thumbnail/PNG/l114/AppStore/0588e844ec465498337707ea3bdf7251cc302373a
房多多,com.fangdd.mobile.fddhouseownersell,45.24M,14.9.3,2021-03-16,深圳市房多多网络科技有限公司,http://file.market.xiaomi.com/thumbnail/PNG/l114/AppStore/0c2064fe83ab01fd407730b4c9890f5f8fb409981
极安全,com.zero.security,16.7M,2.16m,2021-03-17,广州岸边网络科技有限公司,http://file.market.xiaomi.com/thumbnail/PNG/l114/AppStore/0657dd405677d44fc05420a3b36f3be583057c9d5
抢钢宝,com.zgw.qgb,20.65M,4.6.6,2020-09-09,金亮,http://file.market.xiaomi.com/thumbnail/PNG/l114/AppStore/063274be5eb81d80d6d46c97e3f435a405440a1d8
数字尾巴,com.funinput.digit,64.58M,4.4.4,2021-03-17,深圳市数字尾巴科技有限公司,http://file.market.xiaomi.com/thumbnail/PNG/l114/AppStore/04c0864b5e66840462bde6b2b08950345fde55456
证件照,com.uedzen.autophoto,36.51M,6.2.5,2021-02-04,无锡米谷文化传媒有限公司,http://file.market.xiaomi.com/thumbnail/PNG/l114/AppStore/0098a4354f97af85014f2168a9116f1ac1840f060
随乐游,com.stnts.iyoucloud,36.9M,3.1.3.011,2021-03-15,湖北盛天网络技术股份有限公司,http://file.market.xiaomi.com/thumbnail/PNG/l114/AppStore/0fe9634d946a043610eac1700047fec00d7cea87b
点购广场,cn.tfb.msshop,86.16M,5.9.0,2021-01-31,深圳市点购电子商务控股股份有限公司,http://file.market.xiaomi.com/thumbnail/PNG/l114/AppStore/0b834597ab40343fa9e879c8028e59683e041ce53
携程租车,com.ctrip.izuche,40.51M,8.29.2,2021-03-15,携程旅游网络技术（上海）有限公司,http://file.market.xiaomi.com/thumbnail/PNG/l114/AppStore/0b4de4231a902a338c749ecd6de3b6f473841e6de
会计随时学,com.zhiliaogroup.mmb,52.96M,1.6.0,2021-03-17,成都多人行科技有限责任公司,http://file.market.xiaomi.com/thumbnail/PNG/l114/AppStore/0f6b425c4bfee41c238c0b474ac908905b5f26e93
一起来跳舞,com.ttx5.mi,"1,375.73M",3.9.2,2020-08-20,天津英雄互娱科技有限公司,http://file.market.xiaomi.com/thumbnail/PNG/l114/AppStore/0c3a4a5f566bf4407115c433767998cea3006b4f2
写小说神器,com.huabenapp.write,30.33M,6.2.17,2021-03-15,天津量子时代网络科技有限公司,http://file.market.xiaomi.com/thumbnail/PNG/l114/AppStore/06e64562a827dc72f76ecbd181b306534b14247a9
万年历,com.youloft.calendar,45.81M,5.2.8,2021-03-15,重庆可兰达科技有限公司,http://file.market.xiaomi.com/thumbnail/PNG/l114/AppStore/089c20c70b1ca4b74a833a8cb635283711f0dcdfc
开心运动,com.muxin.happysport,27.77M,2.8.8,2021-03-09,上海睦欣网络科技有限公司,http://file.market.xiaomi.com/thumbnail/PNG/l114/AppStore/0872ca4f3d0c34d590b60045cd0cf1bb450f99347
万能清理大师,com.ymy001.clean,41.52M,1.8.9,2021-03-09,上海宣众网络科技有限公司,http://file.market.xiaomi.com/thumbnail/PNG/l114/AppStore/05723418b4e46bc07326b7257f21e90520c410b37
招财日历,com.liziyuedong.rili,19.3M,1.0.8,2021-03-15,深圳市粒子悦动科技有限公司,http://file.market.xiaomi.com/thumbnail/PNG/l114/AppStore/017135bf066ffbca947404248a5c2a04ff3407c87
美图证件照,com.junke.easyphoto,33.76M,3.5.2,2021-03-13,上海俊克网络科技有限公司,http://file.market.xiaomi.com/thumbnail/PNG/l114/AppStore/0d2cf5dc772cf09886d50c93342c500c2c042efbc
降温宝,com.quyugongzuoshi.jinangwengongjutwo,11.67M,7.0.0,2021-01-28,北京趣娱互动科技有限公司,http://file.market.xiaomi.com/thumbnail/PNG/l114/AppStore/078e595f571054c4722e4b5a5c895c76295f68910
全球潮汐,com.globaltide,42.27M,4.2.18,2021-03-15,索罗特信息科技江苏有限公司,http://file.market.xiaomi.com/thumbnail/PNG/l114/AppStore/05ada43e25210857f7257ac38c6b2536f8d41a4cc
学车不,com.bjcsxq.chat.carfriend,363.72M,7.5.3.1,2021-03-15,北京创世新强科技有限公司,http://file.market.xiaomi.com/thumbnail/PNG/l114/AppStore/06cf64de06bbce39a7d663e7261898da8f240b5ec
一键卸载大师,com.quyu.uninstaller,9.87M,6.1.0,2020-08-03,北京趣娱互动科技有限公司,http://file.market.xiaomi.com/thumbnail/PNG/l114/AppStore/0b4b2490fe8a94545be00ab1b7103b47ec4410c74
P图大神,com.shenmeiguan.psmaster,42.88M,3.0.0.5,2021-03-08,杭州嘉狄搏众企业管理合伙企业（有限合伙）,http://file.market.xiaomi.com/thumbnail/PNG/l114/AppStore/05810c4e2e5ad4d232d32521ec1800dee08e0fa60
文字图片制作,com.myd.textstickertool,15.59M,1.6.5,2021-03-16,重庆萌一点科技有限公司,http://file.market.xiaomi.com/thumbnail/PNG/l114/AppStore/05eb0a4af3cae4471374257caee156d3e6de84e5d
马卡龙玩图,com.versa,91.62M,4.6.1,2021-03-16,上海懿天网络科技有限公司,http://file.market.xiaomi.com/thumbnail/PNG/l114/AppStore/0cda97493b3354fb5940d675db41a2a6e810d84dd
照片拼接,com.jjpc.watermarkcamera,43.82M,3.6.6,2021-03-13,九江鹏成网络科技有限公司,http://file.market.xiaomi.com/thumbnail/PNG/l114/AppStore/0e3bb5271bc699c4ceacffc51fbd545e7a8413564
网上厨房,cn.ecook,44.6M,16.1.5,2021-03-11,杭州魔厨科技,http://file.market.xiaomi.com/thumbnail/PNG/l114/AppStore/0bffdb5365048420412ca1ab009db7aaf7363266e
书屋小说,com.lkwl.shuwu,31.07M,1.0.11,2021-03-15,厦门特玩网络科技有限公司,http://file.market.xiaomi.com/thumbnail/PNG/l114/AppStore/0a462d4ca179147360292044a264abbad5ed7715a
方舟浏览器,com.szcx.fbrowser,11.26M,1.2.5,2020-10-23,深圳市方贝科技有限公司,http://file.market.xiaomi.com/thumbnail/PNG/l114/AppStore/0dcf5a47d00da433419e883e8a853c20808c081ed
简易家庭记账本,com.xiaodong.aijizhang,6.78M,34.0,2021-03-15,徐州灵科网络科技有限公司,http://file.market.xiaomi.com/thumbnail/PNG/l114/AppStore/0327c4e23b962ccf2b113f16389d1fd799643ca40
我是谜-剧本杀,com.wzf.fan,73.31M,2.7.2,2021-01-19,上海吾声网络科技有限公司,http://file.market.xiaomi.com/thumbnail/PNG/l114/AppStore/0559d94f95585424115a314ce951a5c30910c1b25
网络测速助手,com.yancheng.sppedtest,6.05M,1.6.0,2020-12-23,北京龙腾,http://file.market.xiaomi.com/thumbnail/PNG/l114/AppStore/0adfe4532e6a5404302f530230f1468c55f5983bc
耳觅,cn.myhug.tiaoyin,54.17M,2.8.1,2021-03-15,北京星河时代信息技术有限公司,http://file.market.xiaomi.com/thumbnail/PNG/l114/AppStore/08e527441a975460401edfc670e0e787dc033a78b
3Dbody解剖,com.HaoTuBang.H3DBodyFree,93.07M,8.5.02,2021-03-17,上海桥媒信息科技有限公司,http://file.market.xiaomi.com/thumbnail/PNG/l114/AppStore/09eec158e73134d2b3e7d53819a92b1b441c34d57
酷家乐设计师,com.qunhe.designer,53.93M,5.18.5,2021-03-18,杭州群核信息技术有限公司,http://file.market.xiaomi.com/thumbnail/PNG/l114/AppStore/0f361951bda9c46f22449036ff1c4fcd992b5448e
全民千炮捕鱼,com.wanmei.qmqpby.mi,86.54M,6.0.4,2021-03-13,安徽玩美信息科技有限公司,http://file.market.xiaomi.com/thumbnail/PNG/l114/AppStore/042af55704dd6418a1330fa0bd075a41854147628
萌龙大乱斗,com.gameloft.android.ANMP.GloftDLCN.mi,155.58M,6.0.1,2021-03-16,Gameloft,http://file.market.xiaomi.com/thumbnail/PNG/l114/AppStore/094cb49b38643ce61df2b5918279de223f74312f8
应届生求职,com.yjs.android,24.76M,6.7.1,2021-03-15,前锦网络信息技术（上海）有限公司,http://file.market.xiaomi.com/thumbnail/PNG/l114/AppStore/05bcdb4d3105145f5110f66dd0fb7ea78a0668df4
收钱吧,com.wosai.cashbar,64.53M,5.2.7,2021-03-15,上海收钱吧互联网科技股份有限公司,http://file.market.xiaomi.com/thumbnail/PNG/l114/AppStore/0867cf489098e44100fb0b7a475ba6ad2d1bd8f2d
车e兴,com.anshibo.activity,42.67M,2.6.9,2021-02-08,北京车易网科技有限公司,http://file.market.xiaomi.com/thumbnail/PNG/l114/AppStore/05f6a4fbbf5b1337beb7f438290ee0bc5d2418952
狙神荣耀,com.cmcm.killshotbravo.mi,159.47M,2.6.4,2021-03-12,北京寻梦科技有限公司,http://file.market.xiaomi.com/thumbnail/PNG/l114/AppStore/03dee47744ec30a5d55387f404172b45f104029de
专业变声器,com.intotherain.voicechange,19.21M,3.9,2021-03-14,广州市意想信息技术有限公司,http://file.market.xiaomi.com/thumbnail/PNG/l114/AppStore/02d62a535d006438f1f845789226790004740e5d8
咔萌交友聊天,com.changqi.yeka_app_2c,92.03M,3.6.2,2021-03-16,上海昌契网络科技有限公司,http://file.market.xiaomi.com/thumbnail/PNG/l114/AppStore/0e194460a666b8444e2c26d3ae266405b9e41792f
晴天小狗,com.YouXin.SunnyPuppies.mi,142.57M,2.2.60,2021-03-14,北京游心乐动科技有限公司,http://file.market.xiaomi.com/thumbnail/PNG/l114/AppStore/0e3344fa566658914f8360f26360854d19f43640b
趣步运动赚钱,com.huiydzq.app,38.74M,3.2.3,2021-03-16,上海寰昌信息科技中心,http://file.market.xiaomi.com/thumbnail/PNG/l114/AppStore/0a19d44d45f6242160c0a8ad142b9d014c96e71b2
鑫汇宝贵金属黄金,com.pme91.app.android,16.38M,2.4.0,2021-03-16,鑫汇宝贵金属有限公司,http://file.market.xiaomi.com/thumbnail/PNG/l114/AppStore/02d19f56d65a84a29134ab59d4532664c055679f8
8684实时公交,cn.chinabus.main,54.44M,15.3.25,2021-03-08,广州天趣网络科技有限公司,http://file.market.xiaomi.com/thumbnail/PNG/l114/AppStore/0dde755d651ed4bc237e8e4d9a7b7e72fb27d5eb3
沪江小D词典,com.hujiang.dict,55.79M,3.6.2,2021-03-16,沪江教育科技（上海）股份有限公司,http://file.market.xiaomi.com/thumbnail/PNG/l114/AppStore/0d5994f4a1aacddfb03fe265e9be7dc17f042fc09
屠龙破晓-装备回收,com.hhsh.tlpx.mi,17.42M,3.3.19,2020-08-17,安徽三七网络科技有限公司,http://file.market.xiaomi.com/thumbnail/PNG/l114/AppStore/099625d04f8b8ef4044486f5ae362d0da9b409f00
趣看天下,com.yanhui.qktx,34.23M,3.5.8,2021-03-17,上海沿汇文化传播有限公司,http://file.market.xiaomi.com/thumbnail/PNG/l114/AppStore/036b947e763c6e18f7a81394505dc7fc2b143857e
迅捷PDF转换器-扫描阅读编辑器,com.hudun.androidpdfchanger,50.49M,4.9.0,2021-03-15,上海互盾信息科技有限公司,http://file.market.xiaomi.com/thumbnail/PNG/l114/AppStore/07213c5fa3d3d406c2afdbf763ec73eb0576a30b7
DJI GO 4,dji.go.v4,273.19M,4.3.42,2021-01-21,深圳市大疆创新科技有限公司,http://file.market.xiaomi.com/thumbnail/PNG/l114/AppStore/010565a7aa9d4e421306a57b869fd311cb643178b
可乐优品商城,com.hsb.colaproduct,54.23M,3.3.2,2021-03-15,深圳回收宝科技有限公司,http://file.market.xiaomi.com/thumbnail/PNG/l114/AppStore/04a3aa5295beb48fd1379c61311ef7d17a931807a
照片恢复精灵,com.hxdevst.picsresearch,9.14M,1.1.2,2021-03-15,北京华夏永宏科技有限公司,http://file.market.xiaomi.com/thumbnail/PNG/l114/AppStore/04edd24aae4034dcd0a00079afeb1ce88f02116b5
21财经,com.twentyfirstcbh.epaper,40.84M,7.1.2,2021-03-17,广州二十一世纪信息技术有限公司,http://file.market.xiaomi.com/thumbnail/PNG/l114/AppStore/0b43604fc784c4ab902b9c7525e39e029ef53dacd
众人帮,com.zheyouhui.app,29.52M,3.33.6,2020-12-08,北京酷酷信息服务有限公司,http://file.market.xiaomi.com/thumbnail/PNG/l114/AppStore/01a5ba53f400e492c2aca164c77814aa3c4c00568
拉风漫画,com.mylafe.ttmh,46.18M,3.30.60,2021-03-16,麦拉风(常州)网络科技有限公司,http://file.market.xiaomi.com/thumbnail/PNG/l114/AppStore/0700e489a66048e0bf343008e3138544c904147cf
神汽在线,com.yuanpin.fauna,40.41M,6.3.17,2021-03-17,浙江神汽电子商务有限公司,http://file.market.xiaomi.com/thumbnail/PNG/l114/AppStore/09b33b4a619664b082330f0ec007dcd3baf7598de
滴驾教练,com.yiren.dbaf,44.08M,4.4.1.0,2020-10-24,长沙以人智能科技有限公司,http://file.market.xiaomi.com/thumbnail/PNG/l114/AppStore/0a3715172e504a0eedd4a261280271b044943f363
卡卡日语,com.kakajapan.word,15.15M,4.2.2,2021-03-12,广州小歪科技有限公司,http://file.market.xiaomi.com/thumbnail/PNG/l114/AppStore/08b98b5ec24c2450135a545c5960de93dad9f6c3b
词道-日语单词,com.izaodao.cd,46.23M,3.0.3,2021-03-15,早道（大连）教育科技有限公司,http://file.market.xiaomi.com/thumbnail/PNG/l114/AppStore/0b2585d743f6b1d1e02e8265bd48414b96c430848
糗事百科,qsbk.app,70.73M,11.13.5,2021-03-09,友际无限(北京)科技有限公司,http://file.market.xiaomi.com/thumbnail/PNG/l114/AppStore/0e11f4b9cdc28145e0e7eed0ee2b8fa293941c2d3
药代通,com.zilue.yaodaitong,35.65M,5.0.14,2021-03-09,山东资略信息技术有限公司,http://file.market.xiaomi.com/thumbnail/PNG/l114/AppStore/0063a59e6f50f3d3db7bdd3aaa024e17ba54268f3
下厨房,com.xiachufang,34.2M,7.7.9,2021-03-15,北京瑞荻互动科技有限公司,http://file.market.xiaomi.com/thumbnail/PNG/l114/AppStore/0531e1525814a41183276849627dc20900c8a0bd6
天天果园,com.ttxg.fruitday,45.57M,8.1.5,2021-03-09,上海天天鲜果电子商务有限公司,http://file.market.xiaomi.com/thumbnail/PNG/l114/AppStore/0c2d3d5779ae74755235851cedfe1196ecf94b2a8
全世界,com.allhistory.dls.marble,185.22M,2.1.1.1,2021-03-16,北京完美知识科技有限公司,http://file.market.xiaomi.com/thumbnail/PNG/l114/AppStore/08d5661b0c1e844e4a9bf7ae95a06e5ee43b3cc20
心理测试,com.cxzapp.yidianling_atk4,33.95M,3.8.10,2020-04-13,上海袋虎信息技术有限公司,http://file.market.xiaomi.com/thumbnail/PNG/l114/AppStore/0c8415f9499baa80a8c616140e75ca5bd0b41c53a
松果倾诉-情感心理,com.app.pinealgland,56.15M,8.1.1.4,2021-03-16,广州智悦网络科技有限公司,http://file.market.xiaomi.com/thumbnail/PNG/l114/AppStore/0b6cb55aa66ea6d1f39891613394b5e3f1f437605
计步赚钱,com.ledian.app,38.74M,3.2.1,2021-03-16,上海箴格信息科技中心,http://file.market.xiaomi.com/thumbnail/PNG/l114/AppStore/02420457281936ee5c4d49b971a89abcac743bd91
乐车邦,lecar.android.view,87.46M,5.12.3,2021-03-15,上海享途网络科技有限公司,http://file.market.xiaomi.com/thumbnail/PNG/l114/AppStore/01c5349f3dca7129a3b44aaa2eedd1630314310e0
微微电话,com.yunlian.wewe,26.32M,5.6.2,2020-10-30,成都瑞安云科技股份有限公司,http://file.market.xiaomi.com/thumbnail/PNG/l114/AppStore/0909ca52a296d4bd714f5fa756d554cea496fb00b
A8体育直播,org.fungo.a8sport,73.8M,5.0.3,2021-03-08,深圳行云跃动网络科技有限公司,http://file.market.xiaomi.com/thumbnail/PNG/l114/AppStore/039a76526b951409f2975cdbb59b484ae558d7321
电商头条,com.agewnet.toutiao,18.28M,4.03,2021-03-15,深圳市头条电商网络有限公司,http://file.market.xiaomi.com/thumbnail/PNG/l114/AppStore/0a953b4bde37b4b562cd415eb952d21e35bfb6cd2
今日影视大全,cn.quicktv.androidpro,39.51M,8.0.2,2021-03-15,重庆智彩科技有限公司,http://file.market.xiaomi.com/thumbnail/PNG/l114/AppStore/0434314f2300b45aa371efa37a319b66e20b123b8
小日常,com.dandelion.routine,47.25M,2.20.8,2021-03-17,广州小日常科技有限公司,http://file.market.xiaomi.com/thumbnail/PNG/l114/AppStore/096a204731a104bb105363a88a657816b29475a9e
孕育提醒,com.ci123.pregnancy,41.95M,8.3.4,2021-03-09,南京矽汇信息技术有限公司,http://file.market.xiaomi.com/thumbnail/PNG/l114/AppStore/0306b57621f040b9fca38921084d03a187f438482
海王捕鱼,com.shouxin.hwby.mi,168.78M,1.2.49645,2021-03-15,深圳市手心游戏科技有限公司,http://file.market.xiaomi.com/thumbnail/PNG/l114/AppStore/002b857be11d5ff814e6c639190fbeb915d401ed8
多彩宝,cn.gogpay.dcb,62.22M,7.0.1,2021-03-10,贵州多彩宝互联网服务有限公司,http://file.market.xiaomi.com/thumbnail/PNG/l114/AppStore/0d30e24c424b04def3f85f5566fcf4235e9aee197
爱卡汽车-买车购车报价,com.xcar.activity,49.88M,10.5.7,2021-03-09,塞纳德（北京）信息技术有限公司,http://file.market.xiaomi.com/thumbnail/PNG/l114/AppStore/0a5ea57d82ac120a77b294e8d5810a5c6c743888f
宝贝格子,com.bbgz.android.app,35.19M,4.7.2,2021-03-16,宝贝格子（北京）科技有限公司,http://file.market.xiaomi.com/thumbnail/PNG/l114/AppStore/07d694f4a62e8817bf48c084c6d09d3dbeb412996
真人天天斗地主,com.zengame.zrttddz.mi,59.33M,5.10.056,2021-03-08,深圳市禅游科技股份有限公司,http://file.market.xiaomi.com/thumbnail/PNG/l114/AppStore/053535691a5d36cee1b8eba59c99f6503ff410b40
菠萝BOLO,com.nodemusic,29.52M,5.2.3,2021-03-10,北京峰趣互联网信息服务有限公司,http://file.market.xiaomi.com/thumbnail/PNG/l114/AppStore/053b21486f89c4f293c546466be0d50249f8d3264
一寸证件照,com.njfh.cert,25.3M,7.22,2021-03-09,南京方和网络科技有限公司,http://file.market.xiaomi.com/thumbnail/PNG/l114/AppStore/0c99d43276f3c8e6dfa94060b3c49540b9b42095f
UU跑腿,com.slkj.paotui.customer,33.29M,2.5.2.0,2021-03-15,郑州时空隧道信息技术有限公司,http://file.market.xiaomi.com/thumbnail/PNG/l114/AppStore/0b5724e32bdb3e29b262ad2e04ee5272ba44050c5
微信群发-群发助手,com.jyw.wxgroupsend,19.16M,2.1.3,2021-03-15,长沙富贵竹网络科技有限公司,http://file.market.xiaomi.com/thumbnail/PNG/l114/AppStore/0939d7477ee6a466431b5fbcbf440825393269337
久久浏览器,com.forever.browser,13.66M,2.3.9.1000,2021-03-15,北京久讯在线科技有限公司,http://file.market.xiaomi.com/thumbnail/PNG/l114/AppStore/0e31f5ec5a90ceb48df719cb5002da8e15143fe4e
猎豹清理大师,com.cleanmaster.mguard_cn,40.7M,6.19.4,2021-03-15,北京猎豹移动科技有限公司,http://file.market.xiaomi.com/thumbnail/PNG/l114/AppStore/0de2695791f31426416a1c50be1ad146e31263239
